Isoform,Pop,conc
A,CD8,0.07054564
A,CD8,0.096327411
A,CD8,0.03081982
A,CD8,0.09810664
A,CD8,0.04110779
A,Tnaive,0.014159274
A,Tnaive,0.027549821
A,Tnaive,0.02591902
A,Tnaive,0.01147519
A,Tnaive,0.02656046
A,Tscm,0.56126157
A,Tscm,2.742072949
A,Tscm,0.24289594
A,Tscm,0.52416375
A,Tscm,0.59471362
A,Tcm,0.189009784
A,Tcm,0.271573805
A,Tcm,0.07532611
A,Tcm,0.15415515
A,Tcm,0.0986505
A,Tem,0.02483033
A,Tem,0.098297749
A,Tem,0.06726714
A,Tem,0.02693327
A,Tem,0.03961854
A,Temra,0.088121385
A,Temra,0.037471613
A,Temra,0.0477934
A,Temra,0.167553
A,Temra,0.02168817
B,CD8,0.064798961
B,CD8,0.102496185
B,CD8,0.07995681
B,CD8,0.07631496
B,CD8,0.05759075
B,Tnaive,0.00966057
B,Tnaive,0.021463225
B,Tnaive,0.03956282
B,Tnaive,0.03127133
B,Tnaive,0.03678895
B,Tscm,0.918236615
B,Tscm,3.164757747
B,Tscm,1.20547189
B,Tscm,0.38539294
B,Tscm,0.35573266
B,Tcm,0.159262839
B,Tcm,0.296337806
B,Tcm,0.06299517
B,Tcm,0.09573514
B,Tcm,0.0853586
B,Tem,0.040036166
B,Tem,0.105964852
B,Tem,0.05117632
B,Tem,0.03437582
B,Tem,0.04343412
B,Temra,0.071355753
B,Temra,0.035096917
B,Temra,0.03768001
B,Temra,0.10544972
B,Temra,0.03229895
alt,CD8,0.065420971
alt,CD8,0.0821209
alt,CD8,0.00888068
alt,CD8,0.08558924
alt,CD8,0.02917833
alt,Tnaive,0.014045915
alt,Tnaive,0.031033869
alt,Tnaive,0.04223455
alt,Tnaive,0.01124804
alt,Tnaive,0.03296151
alt,Tscm,0.20551895
alt,Tscm,0.45893564
alt,Tscm,0.14209099
alt,Tscm,0.2503741
alt,Tscm,0.36191191
alt,Tcm,0.103910868
alt,Tcm,0.172529765
alt,Tcm,0.12809736
alt,Tcm,0.23575067
alt,Tcm,0.21882492
alt,Tem,0.008572344
alt,Tem,0.044714268
alt,Tem,0.0696395
alt,Tem,0.04749816
alt,Tem,0.08103501
alt,Temra,0.079900174
alt,Temra,0.035988387
alt,Temra,0.04666105
alt,Temra,0.06135658
alt,Temra,0.05011489
